County,Precinct,G20PREDBID,G20PRERTRU,G20PRELJOR,G20USSDJAN,G20USSRSAS,G20USSLSIA
Adams,WestBlue/Highland,50,335,4,38,312,19
Adams,Verona,24,131,3,13,119,14
Adams,Kenesaw,86,556,6,56,507,43
Adams,Juniata,97,422,12,55,406,42
Adams,Denver,137,495,10,73,490,40
Adams,Blaine,11,101,1,9,90,7
Adams,Pauline,24,170,3,9,152,10
Adams,Ayr,77,325,9,55,305,23
Adams,Roseland,29,258,6,18,240,24
Adams,Holstein,18,160,1,9,158,13
Adams,1-A,252,570,20,193,552,46
Adams,1-B,187,401,15,131,395,35
Adams,1-C,222,297,12,144,340,18
Adams,2-A,77,258,9,48,260,14
Adams,2-B,176,458,18,98,473,44
Adams,2-C,170,388,12,109,381,42
Adams,2-D,306,658,14,156,670,53
Adams,2-E,182,459,17,129,455,43
Adams,3-A,248,392,12,162,380,52
Adams,3-B,250,310,15,124,326,35
Adams,3-C,254,441,23,165,449,45
Adams,3-D,57,76,0,21,90,9
Adams,3-E,361,848,18,201,877,60
Adams,4-A,193,276,13,112,283,39
Adams,4-B,213,339,15,128,359,32
Adams,4-C,156,169,7,84,167,21
Adams,4-D,283,626,25,196,603,60
Adams,4-E,68,164,4,47,156,14
Adams,New/Former Resident,5,2,0,,,
Adams,Countywide,0,0,0,0,0,0
Antelope,Tilden Precinct,25,140,1,17,133,6
Antelope,Tilden 1st Ward,32,114,1,22,117,6
Antelope,Oakdale Precinct,31,236,3,20,215,17
Antelope,Neligh Precinct,41,234,4,31,219,11
Antelope,Neligh 1st Ward,60,361,4,47,326,24
Antelope,Neligh 2nd Ward,69,285,7,54,266,21
Antelope,Brunswick Precinct,34,331,4,30,278,30
Antelope,Elgin 1st Ward,19,164,2,10,159,7
Antelope,Elgin 2nd Ward,21,190,4,18,181,7
Antelope,Elgin Precinct,22,216,0,13,199,12
Antelope,Royal Precinct,15,118,1,9,107,5
Antelope,Clearwater Precinct,39,434,2,46,376,22
Antelope,Orchard Precinct,44,270,5,37,252,16
Antelope,New/Former Resident,0,0,0,,,
Antelope,Countywide,0,0,0,0,0,0
Arthur,Arthur,0,0,0,0,0,0
Arthur,New/Former Resident,0,0,0,,,
Arthur,Countywide,21,260,3,21,228,21
Banner,Long Springs,43,362,5,39,335,21
Banner,New/Former Resident,0,0,0,,,
Banner,Countywide,0,0,0,0,0,0
Blaine,Blaine,35,280,2,35,222,34
Blaine,New/Former Resident,0,0,0,,,
Blaine,Countywide,0,0,0,0,0,0
Boone,Boone,14,131,2,11,120,10
Boone,Beaver,57,347,11,40,305,28
Boone,Cedar,81,262,5,65,232,22
Boone,Dublin-Bonanza,27,123,3,27,105,8
Boone,North Branch-Shell Creek,12,83,0,6,74,3
Boone,North Manchester,76,394,8,47,355,27
Boone,Oakland,60,371,8,49,319,26
Boone,Southeast Manchester,105,459,18,66,445,28
Boone,Southwest Manchester,67,483,10,40,447,26
Boone,New/Former Resident,0,0,0,0,0,0
Boone,Countywide,0,0,0,0,0,0
Box Butte,Precinct 1,149,378,19,122,382,27
Box Butte,Precinct 2,135,438,17,117,411,45
Box Butte,Precinct 3,120,338,18,85,328,50
Box Butte,Precinct 4,132,451,25,118,429,41
Box Butte,Precinct 5,155,627,14,118,600,39
Box Butte,Precinct 6,179,502,11,122,496,37
Box Butte,Precinct 11,41,313,9,35,301,15
Box Butte,Precinct 12,42,314,4,25,304,19
Box Butte,Precinct 15,98,641,11,80,589,53
Box Butte,New/Former Resident,0,0,0,,,
Box Butte,Countywide,0,0,0,0,0,0
Boyd,Butte Basin McCulley,45,404,6,42,339,25
Boyd,Lynch Bristow Mullen Bush,34,227,0,12,204,25
Boyd,Spencer Morton,56,378,2,35,340,25
Boyd,New/Former Resident,0,1,0,,,
Boyd,Countywide,0,0,0,0,0,0
Brown,Ainsworth Precinct,40,447,3,28,413,24
Brown,City of Ainsworth,101,707,14,68,675,47
Brown,The Pines,50,316,1,29,299,22
Brown,New/Former Resident,0,0,0,,,
Brown,Countywide,0,0,0,0,0,0
Buffalo,Precinct 1,294,704,14,160,750,48
Buffalo,Precinct 2,286,512,19,169,535,63
Buffalo,Precinct 3,375,757,26,196,805,78
Buffalo,Precinct 4,457,1171,21,229,1219,84
Buffalo,Precinct 5,215,518,27,132,526,49
Buffalo,Precinct 6,413,918,33,242,950,74
Buffalo,Precinct 7,387,590,35,233,614,66
Buffalo,Precinct 8,190,356,13,112,353,44
Buffalo,Precinct 9,294,538,34,197,537,71
Buffalo,Precinct 10,412,906,41,253,938,102
Buffalo,Precinct 11,260,358,25,183,368,61
Buffalo,Precinct 12,292,445,36,202,439,73
Buffalo,Precinct 13,487,1047,45,268,1077,114
Buffalo,Precinct 14,364,868,41,250,841,109
Buffalo,Precinct 15,32,282,4,19,258,21
Buffalo,Precinct 16,87,510,6,53,490,35
Buffalo,Precinct 17,40,235,2,30,223,19
Buffalo,Precinct 18,155,510,19,108,511,46
Buffalo,Precinct 19,64,514,13,47,485,29
Buffalo,Precinct 20,200,914,23,110,900,75
Buffalo,Precinct 21,87,418,15,60,404,30
Buffalo,Precinct 22,63,259,10,40,259,21
Buffalo,Precinct 23,101,286,8,72,283,30
Buffalo,Precinct 24,174,547,20,111,553,47
Buffalo,Precinct 25,105,571,13,81,526,53
Buffalo,Precinct 26,181,583,12,102,571,60
Buffalo,Precinct 27,101,238,16,52,245,25
Buffalo,Precinct 28,115,550,12,66,548,37
Buffalo,Precinct 29,119,533,16,74,521,41
Buffalo,New/Former Resident,0,2,0,,,
Buffalo,Countywide,0,0,0,0,0,0
Burt,ARIZONA-RIVERSIDE,64,168,2,48,167,10
Burt,BELL-OAK-PERSH,50,245,5,36,233,12
Burt,CRAIG,58,174,7,34,181,10
Burt,DECATUR-QUINN,128,207,7,93,208,17
Burt,EVERETT-LOGAN,41,161,0,18,166,5
Burt,LYONS CITY,134,292,7,95,291,22
Burt,OAKLAND I,94,255,11,46,258,26
Burt,OAKLAND II,81,239,10,38,248,26
Burt,SILVERCREEK-SUMMIT,87,240,9,61,242,11
Burt,TEKAMAH I,172,300,11,118,321,17
Burt,TEKAMAH II,154,299,19,91,324,31
Burt,New/Former Resident,0,0,0,,,
Burt,Countywide,0,0,0,0,0,0
Butler,Linwood-Skull Creek-Platte,70,296,4,48,303,13
Butler,Savannah-Alexis,123,542,14,103,531,28
Butler,Summit-Reading,78,313,4,54,298,26
Butler,Franklin-Bone Creek,40,282,3,26,268,16
Butler,Oak Creek-Center,96,321,8,66,317,18
Butler,Union-Olive,38,238,8,27,234,13
Butler,Read-Ulysses,46,227,5,38,218,17
Butler,Plum Creek-Richardson,77,288,7,57,287,14
Butler,First Ward,80,293,12,53,300,20
Butler,Second Ward,95,353,9,56,364,13
Butler,Third Ward,130,387,9,85,392,20
Butler,New/Former Resident,0,2,0,,,
Butler,Countywide,0,0,0,0,0,0
Cass,Tipton,401,848,31,267,846,76
Cass,McKelverly,65,202,6,40,194,18
Cass,Salt Creek,153,352,23,112,346,42
Cass,Stove Creek,188,409,19,113,416,35
Cass,Murdock,148,263,12,69,299,24
Cass,South Bend,203,437,9,89,473,35
Cass,Buccaneer Bay,369,532,32,193,603,51
Cass,Center,104,236,10,58,244,26
Cass,East Louisville,184,349,16,101,364,36
Cass,West Louisville,192,454,16,106,483,26
Cass,Avoca,71,209,13,45,208,15
Cass,Mount Pleasant,35,111,2,19,122,6
Cass,Eight Mile Grove,194,504,11,105,512,47
Cass,Nehawka,51,148,4,41,137,15
Cass,Liberty,118,241,10,74,243,27
Cass,North Rock Bluff,216,445,12,114,486,34
Cass,South Rock Bluff,333,794,17,193,846,45
Cass,West Rock Bluff,113,278,10,82,278,18
Cass,North Plattsmouth,141,420,17,91,445,23
Cass,South Plattsmouth,234,608,16,125,642,43
Cass,Weeping Water 1st Ward,105,197,12,63,211,21
Cass,Weeping Water 2nd Ward,107,193,16,76,197,25
Cass,1st Ward - 1st Precinct,142,236,15,97,241,29
Cass,1st Ward - 2nd Precinct,124,234,10,74,245,23
Cass,2nd Ward - 1st Precinct,128,254,22,98,259,27
Cass,2nd Ward - 2nd Precinct,130,228,16,90,229,33
Cass,3rd Ward - 1st Precinct,121,263,16,85,273,20
Cass,3rd Ward - 2nd Precinct,122,217,10,95,208,27
Cass,4th Ward - 1st Precinct,102,182,8,76,186,18
Cass,4th Ward - 2nd Precinct,134,239,12,83,257,21
Cass,New/Former Resident,9,38,3,,,
Cass,Countywide,0,0,0,0,0,0
Cedar,Precinct 1 (1),33,157,4,29,151,11
Cedar,Precinct 2 (2-3),67,360,9,50,326,27
Cedar,Precicnt 3 (4),25,179,5,21,172,7
Cedar,Precicnt 4 (5-6-7),50,386,1,49,338,21
Cedar,Precinct 5 (13-14),34,136,0,27,126,6
Cedar,Precinct 6 (8-9),175,985,19,121,942,47
Cedar,Precicnt 7 (9A),15,86,2,15,79,6
Cedar,Precinct 8 (10-11-12),28,248,5,17,230,7
Cedar,Precinct 9 (15-16),71,396,10,51,364,35
Cedar,Precicnt 10 (17-18),12,142,1,12,115,14
Cedar,Precinct 11 (19),85,473,10,62,440,38
Cedar,Precinct 12 (20),29,97,4,23,99,8
Cedar,Precicnt 13 (21),101,529,27,68,520,45
Cedar,New/Former Resident,0,0,0,,,
Cedar,Countywide,0,0,0,0,0,0
Chase,Champion/Lamar,25,264,2,19,258,8
Chase,Imperial East,58,284,3,38,278,9
Chase,Imperial West,83,518,11,65,512,23
Chase,Imperial Rural,29,324,3,20,309,17
Chase,Wauneta,31,349,8,31,309,22
Chase,New/Former Resident,0,1,0,,,
Chase,Countywide,0,0,0,0,0,0
Cherry,Barley,1,44,0,0,30,2
Cherry,Cleveland,5,73,1,8,53,6
Cherry,Cody,20,195,0,11,162,23
Cherry,Crookston,7,125,0,11,92,19
Cherry,Gillaspie,0,25,0,0,13,7
Cherry,Goose Creek,1,79,1,2,63,3
Cherry,Kennedy,0,30,0,0,20,4
Cherry,Kilgore,5,75,3,6,52,13
Cherry,King,1,19,0,0,17,2
Cherry,Lackey,3,57,0,1,52,3
Cherry,Loup,10,131,4,12,96,10
Cherry,Merriman,8,138,2,8,98,18
Cherry,Mother Lake,2,44,0,3,27,7
Cherry,Nenzel,4,30,1,6,22,1
Cherry,Russell,0,24,0,1,16,5
Cherry,Valentine East,97,562,13,76,491,47
Cherry,Valentine North,135,631,11,81,582,57
Cherry,Valentine South,59,385,9,46,341,33
Cherry,Wells,7,82,2,3,60,8
Cherry,Wood Lake,7,95,1,8,78,6
Cherry,New/Former Resident,1,0,0,,,
Cherry,Countywide,0,0,0,0,0,0
Cheyenne,Sidney 1,127,399,14,98,379,43
Cheyenne,Sidney 2,115,577,21,102,527,44
Cheyenne,Sidney 3,127,428,14,115,392,43
Cheyenne,Sidney 4,121,462,10,102,422,40
Cheyenne,Sidney 5,195,790,19,154,746,60
Cheyenne,Gurley,31,265,7,25,244,17
Cheyenne,Lodgepole,65,339,3,56,315,16
Cheyenne,Potter,27,312,5,36,264,34
Cheyenne,Union Valley,47,239,4,30,216,26
Cheyenne,New/Former Resident,0,2,0,,,
Cheyenne,Countywide,0,0,0,0,0,0
Clay,Harvard Cons.,112,362,17,85,344,40
Clay,Inland Leicester,47,185,3,27,172,14
Clay,Sutton 1st,77,362,4,64,323,31
Clay,Sutton 2nd,65,329,9,38,318,19
Clay,Sutton Twps,36,256,3,20,234,13
Clay,Glenvil,33,188,0,25,164,19
Clay,Spring Ranch FF 2nd,21,193,4,22,165,16
Clay,Fairfield 1st,38,156,9,32,142,18
Clay,Edgar Cons.,80,288,7,51,275,30
Clay,Clay Center City,80,319,18,47,309,34
Clay,LLLM Cons.,43,210,4,21,214,9
Clay,New/Former Resident,0,0,0,,,
Clay,Countywide,0,0,0,0,0,0
Colfax,Schuyler 1,243,382,8,189,375,32
Colfax,Schuyler 2,308,595,20,243,601,41
Colfax,Schuyler 3,271,516,14,198,520,44
Colfax,Clarkson 4,126,701,10,75,698,27
Colfax,Howells 5,77,442,4,42,458,12
Colfax,New/Former Resident,0,0,0,,,
Colfax,Countywide,0,0,0,0,0,0
Cuming,BCN,87,396,5,61,388,11
Cuming,BL,92,374,9,57,386,21
Cuming,SSGC,106,527,11,57,539,24
Cuming,SW4,73,417,12,40,416,34
Cuming,WP2,117,504,14,58,527,23
Cuming,BGW,164,632,11,102,626,46
Cuming,WP1&3,231,657,12,134,684,39
Cuming,New/Former Resident,0,0,0,,,
Cuming,Countywide,0,0,0,0,0,0
Custer,MASON CITY,23,220,4,16,199,20
Custer,ARNOLD,44,420,4,40,379,24
Custer,ANSLEY/M/W,51,395,10,34,374,29
Custer,BROKEN BOW NORTH,48,130,7,27,142,12
Custer,BROKEN BOW NORTH RURAL,34,211,6,18,201,13
Custer,BROKEN BOW SOUTH,135,517,18,88,512,45
Custer,BROKEN BOW SOUTHWEST,53,229,9,34,225,19
Custer,BERWYN,13,127,6,11,118,11
Custer,CUSTER,5,50,2,4,47,3
Custer,EAST CUSTER,2,24,1,3,22,1
Custer,MERNA COMMUNITY BLDG,41,374,7,26,344,21
Custer,COMSTOCK/DG/SC,25,124,2,21,121,8
Custer,DELIGHT,53,366,7,31,341,31
Custer,ELIM,2,73,0,1,70,2
Custer,TRIUMPH,5,75,0,3,69,4
Custer,GAR/LIL/MIL,9,166,0,5,158,4
Custer,GRANT,3,23,0,3,18,4
Custer,LOUP,6,82,0,1,83,2
Custer,SARGENT RUR/C/WU,23,126,3,16,123,7
Custer,SARGENT VILLAGE,40,226,5,34,198,26
Custer,SARGENT VILLAGE,40,226,5,0,0,0
Custer,RYNO,5,56,2,5,47,9
Custer,RYNO,5,56,2,0,0,0
Custer,ANSELMO,26,219,2,12,207,16
Custer,ANSELMO,26,219,2,0,0,0
Custer,WOODRIVER,23,146,4,21,135,9
Custer,WOODRIVER,23,146,4,0,0,0
Custer,WAYNE,2,78,1,3,71,2
Custer,WAYNE,2,78,1,0,0,0
Custer,BROKEN BOW NORTHWEST,94,430,15,59,420,30
Custer,BROKEN BOW SOUTH RURAL,20,203,2,15,200,9
Custer,SARGENT VILLAGE,0,0,0,34,198,26
Custer,SARGENT VILLAGE,0,0,0,0,0,0
Custer,RYNO,0,0,0,5,47,9
Custer,RYNO,0,0,0,0,0,0
Custer,ANSELMO,0,0,0,12,207,16
Custer,ANSELMO,0,0,0,0,0,0
Custer,WOODRIVER,0,0,0,21,135,9
Custer,WOODRIVER,0,0,0,0,0,0
Custer,WAYNE,0,0,0,3,71,2
Custer,WAYNE,0,0,0,0,0,0
Custer,BB NORTHWEST,0,0,0,0,0,0
Custer,BB SOUTH RURAL,0,0,0,0,0,0
Custer,New/Former Resident,1,0,0,,,
Custer,Countywide,0,0,0,0,0,0
Dakota,01 - SSC Ward 1,235,215,10,217,206,20
Dakota,02 - SSC Ward 2,475,350,14,378,374,30
Dakota,03 - SSC Ward 3,418,317,11,335,328,39
Dakota,04 - SSC Ward 4A,252,237,8,188,269,9
Dakota,05 - SSC Ward 4AA,147,202,13,111,218,12
Dakota,06 - SSC Ward 4B,318,381,8,284,382,18
Dakota,07 - Covington Island,243,559,11,210,557,20
Dakota,08 - Dakota City,254,399,10,210,399,22
Dakota,09 - Dakota Rural,62,183,7,52,182,9
Dakota,10 - Emerson,46,166,3,32,154,11
Dakota,11 - Hubbard,80,172,5,68,161,9
Dakota,12 - Omadi,97,421,9,67,408,19
Dakota,13 - St. Johns,110,319,13,83,313,22
Dakota,New/Former Resident,7,5,2,,,
Dakota,Countywide,0,0,0,0,0,0
Dawes,Precinct 1,77,139,7,62,140,10
Dawes,Precinct 2,199,424,19,156,416,38
Dawes,Precinct 3,183,315,13,128,333,23
Dawes,Precinct 4,149,255,15,103,267,28
Dawes,Precinct 5,145,194,17,98,211,22
Dawes,Precinct 6,71,357,9,55,332,30
Dawes,Precinct 7,38,200,9,39,178,14
Dawes,Precinct 8,84,311,5,44,304,27
Dawes,Precinct 9,28,120,2,14,118,12
Dawes,Precinct 10,68,378,8,49,361,27
Dawes,Precinct 11,40,238,4,37,223,19
Dawes,New/Former Resident,0,0,0,,,
Dawes,Countywide,0,0,0,0,0,0
Dawson,Coyote,44,183,7,27,190,10
Dawson,Cozad East,168,673,13,126,636,49
Dawson,Cozad West,172,650,9,117,637,41
Dawson,Fairview,27,114,2,17,117,6
Dawson,Farnam,11,126,2,15,103,7
Dawson,German,12,147,2,10,144,4
Dawson,Gillan,39,220,8,24,208,20
Dawson,Gothenburg East,192,727,19,125,741,34
Dawson,Gothenburg West,202,688,21,131,681,63
Dawson,Grant,52,214,3,35,208,19
Dawson,Kennebec,15,78,1,12,75,3
Dawson,Lexington 1st,234,220,9,168,229,25
Dawson,Lexington 2nd,304,425,12,233,455,27
Dawson,Lexington 3rd,357,511,11,260,537,38
Dawson,Lexington 4th,141,110,4,123,114,11
Dawson,Lexington 5th,310,259,13,264,260,26
Dawson,Overton,77,481,6,52,443,48
Dawson,Platte,78,295,2,51,292,20
Dawson,Ringgold,35,182,4,24,175,14
Dawson,Woodriver,27,219,9,16,215,14
Dawson,New/Former Resident,0,2,0,,,
Dawson,Countywide,0,0,0,0,0,0
Deuel,Chappell,56,292,5,40,278,17
Deuel,Swan,31,279,9,30,259,22
Deuel,Big Springs,54,300,6,34,300,23
Deuel,New/Former Resident,0,0,0,,,
Deuel,Countywide,0,0,0,0,0,0
Dixon,Logan-Wakefield 3,44,174,5,35,161,25
Dixon,Concord-Dixon-Clark,44,250,16,30,247,21
Dixon,Daily-Hooker-Newcastle,95,360,6,91,323,26
Dixon,Wakefield 1,81,133,5,49,153,14
Dixon,Wakefield 2,50,94,5,38,98,4
Dixon,Springbank,53,266,14,45,234,33
Dixon,Galena-Silvercreek,33,205,7,22,190,19
Dixon,Emerson,27,95,3,42,146,16
Dixon,Ottercreek,30,103,4,26,90,5
Dixon,Ponca Township,40,216,7,35,217,11
Dixon,Ponca 1,63,173,5,50,167,10
Dixon,Ponca 2,58,187,12,38,180,22
Dixon,New/Former Resident 1,0,0,0,,,
Dixon,New/Former Resident 2,0,0,0,,,
Dixon,Logan-Wakefield 3 (CG1),3,7,4,,,
Dixon,Emerson (CG1),30,72,4,,,
Dixon,Countywide,0,0,0,0,0,0
Dodge,Fremont 1A,296,451,28,183,505,53
Dodge,Fremont 1B,233,388,20,159,405,48
Dodge,Fremont 1C,280,582,10,124,654,30
Dodge,Fremont 1D,201,292,7,125,311,42
Dodge,Fremont 1E,300,452,11,152,514,37
Dodge,Fremont 2A,191,262,16,117,277,36
Dodge,Fremont 2B,177,277,8,92,305,30
Dodge,Fremont 2C,288,594,18,173,613,67
Dodge,Fremont 2D,112,220,9,72,228,23
Dodge,Fremont 2E,236,348,9,123,385,35
Dodge,Fremont 3A,136,199,7,77,206,24
Dodge,Fremont 3B,112,103,9,70,113,20
Dodge,Fremont 3C,152,209,11,124,211,23
Dodge,Fremont 3D,227,315,8,170,315,31
Dodge,Fremont 3E,213,287,13,154,298,34
Dodge,Fremont 4A,233,382,11,164,392,47
Dodge,Fremont 4B,172,271,13,118,281,38
Dodge,Fremont 4C,295,559,17,200,557,53
Dodge,Fremont 4D,313,614,16,173,694,30
Dodge,Fremont 4E,104,188,11,74,190,22
Dodge,City of North Bend,164,450,19,103,445,41
Dodge,City of Scribner,77,354,12,46,350,30
Dodge,Cuming/Everett Townships,53,198,5,27,192,20
Dodge,Webster Township,79,343,6,58,325,29
Dodge,Pebble Township,42,203,3,21,200,14
Dodge,Platte East,117,177,6,73,188,16
Dodge,Platte West,190,516,13,129,512,51
Dodge,Nickerson/Maple Townships,147,392,8,86,391,35
Dodge,City of Hooper,131,345,7,83,345,31
Dodge,Hooper/Logan Townships,100,366,5,55,360,32
Dodge,Elkhorn Township,43,169,1,21,155,18
Dodge,Union/Cott/Ridg/PV Townships,130,477,11,62,480,34
Dodge,(Countywide) Burt County PPD,0,0,0,0,0,0
Dodge,(Countywide) Cuming PPD,0,0,0,0,0,0
Dodge,New/Former Resident,0,1,0,,,
Dodge,Countywide,0,0,0,0,0,0
Douglas,2-Jan,603,640,22,346,679,100
Douglas,3-Jan,571,380,12,333,460,45
Douglas,4-Jan,783,306,26,552,351,58
Douglas,5-Jan,724,418,19,453,447,92
Douglas,7-Jan,1001,341,39,566,403,96
Douglas,8-Jan,938,373,26,483,447,91
Douglas,9-Jan,628,323,23,416,355,82
Douglas,10-Jan,316,265,17,189,291,52
Douglas,11-Jan,681,372,37,386,411,78
Douglas,12-Jan,57,60,6,36,67,11
Douglas,13-Jan,885,598,28,507,714,84
Douglas,14-Jan,1274,407,32,567,554,83
Douglas,15-Jan,1030,512,45,665,570,115
Douglas,16-Jan,566,362,17,345,401,74
Douglas,17-Jan,999,251,20,507,334,92
Douglas,18-Jan,1189,508,23,470,717,92
Douglas,19-Jan,821,471,25,347,590,85
Douglas,20-Jan,679,435,14,398,495,75
Douglas,21-Jan,820,461,27,487,568,77
Douglas,22-Jan,626,460,8,278,561,50
Douglas,23-Jan,647,398,19,415,448,68
Douglas,24-Jan,659,381,21,395,455,67
Douglas,25-Jan,602,284,34,379,357,72
Douglas,26-Jan,778,189,16,330,262,47
Douglas,27-Jan,571,504,19,283,602,60
Douglas,28-Jan,605,485,27,372,529,67
Douglas,29-Jan,576,441,35,378,483,69
Douglas,30-Jan,692,498,27,441,565,82
Douglas,31-Jan,834,538,18,467,642,67
Douglas,1-Feb,581,264,29,404,285,68
Douglas,2-Feb,689,221,30,504,247,70
Douglas,3-Feb,910,305,26,655,343,70
Douglas,4-Feb,629,119,12,482,134,41
Douglas,5-Feb,510,101,17,380,121,46
Douglas,6-Feb,587,134,18,411,149,55
Douglas,7-Feb,623,101,11,466,115,36
Douglas,8-Feb,638,93,11,499,100,50
Douglas,9-Feb,714,52,12,559,77,25
Douglas,10-Feb,633,86,10,488,104,38
Douglas,11-Feb,839,140,12,581,177,57
Douglas,12-Feb,851,224,28,630,282,48
Douglas,13-Feb,541,54,17,430,67,36
Douglas,14-Feb,835,237,28,533,287,81
Douglas,15-Feb,977,112,19,736,144,55
Douglas,16-Feb,698,110,14,501,152,44
Douglas,17-Feb,729,194,21,533,225,59
Douglas,18-Feb,285,138,7,145,180,18
Douglas,19-Feb,620,110,22,459,142,45
Douglas,20-Feb,608,89,8,491,95,43
Douglas,21-Feb,651,75,8,471,87,44
Douglas,22-Feb,590,58,8,446,83,24
Douglas,23-Feb,515,229,12,348,245,58
Douglas,24-Feb,582,339,26,420,358,71
Douglas,25-Feb,877,322,35,619,362,92
Douglas,2-Mar,957,261,18,560,345,75
Douglas,3-Mar,1022,292,22,595,357,85
Douglas,4-Mar,452,154,11,219,187,46
Douglas,5-Mar,803,301,27,458,343,89
Douglas,6-Mar,837,223,28,527,280,69
Douglas,7-Mar,1162,350,36,655,464,110
Douglas,8-Mar,819,347,27,399,430,81
Douglas,9-Mar,988,430,29,519,532,95
Douglas,10-Mar,496,215,14,254,272,53
Douglas,11-Mar,417,149,12,295,179,36
Douglas,12-Mar,645,361,17,332,427,57
Douglas,13-Mar,767,310,27,456,381,84
Douglas,14-Mar,843,445,32,427,531,93
Douglas,15-Mar,940,408,35,477,503,83
Douglas,16-Mar,770,304,19,386,403,72
Douglas,17-Mar,815,360,25,528,436,76
Douglas,18-Mar,873,236,17,520,275,76
Douglas,19-Mar,1005,291,35,627,350,96
Douglas,20-Mar,1053,413,23,433,556,77
Douglas,21-Mar,963,303,39,540,426,95
Douglas,22-Mar,492,185,14,366,209,56
Douglas,23-Mar,746,467,21,374,600,61
Douglas,24-Mar,679,354,19,357,457,50
Douglas,25-Mar,634,476,30,371,526,81
Douglas,26-Mar,733,468,22,480,509,80
Douglas,1-Apr,327,166,14,266,168,34
Douglas,2-Apr,546,366,18,389,374,70
Douglas,3-Apr,616,203,24,454,245,42
Douglas,4-Apr,689,374,40,481,428,81
Douglas,5-Apr,757,641,37,484,712,93
Douglas,6-Apr,714,351,26,568,374,72
Douglas,7-Apr,487,376,30,347,422,52
Douglas,8-Apr,613,507,25,420,551,79
Douglas,9-Apr,393,202,11,299,201,41
Douglas,10-Apr,658,238,12,529,263,45
Douglas,11-Apr,599,476,23,412,523,70
Douglas,12-Apr,550,542,32,406,573,69
Douglas,13-Apr,591,384,27,365,446,69
Douglas,14-Apr,368,163,17,280,157,58
Douglas,15-Apr,663,308,26,516,322,64
Douglas,16-Apr,667,397,24,402,427,96
Douglas,17-Apr,387,330,16,299,350,39
Douglas,18-Apr,540,181,11,426,182,38
Douglas,19-Apr,585,442,27,392,485,94
Douglas,20-Apr,433,496,23,244,550,50
Douglas,21-Apr,815,462,36,570,518,95
Douglas,1-May,751,570,23,401,649,99
Douglas,2-May,844,532,28,388,696,83
Douglas,3-May,774,679,27,423,792,84
Douglas,5-May,577,452,19,380,484,69
Douglas,6-May,526,432,17,346,470,54
Douglas,7-May,890,809,48,563,902,113
Douglas,9-May,600,703,27,285,815,61
Douglas,10-May,609,606,21,345,682,80
Douglas,11-May,721,703,37,432,792,104
Douglas,12-May,640,687,27,407,724,83
Douglas,13-May,690,1018,32,328,1135,93
Douglas,14-May,644,781,27,355,878,82
Douglas,15-May,623,703,30,332,836,68
Douglas,16-May,592,692,26,320,786,76
Douglas,17-May,625,832,24,313,957,64
Douglas,18-May,670,743,29,389,824,99
Douglas,19-May,481,603,19,264,664,67
Douglas,23-May,699,551,33,340,638,64
Douglas,24-May,648,604,37,400,655,104
Douglas,25-May,664,814,27,382,905,92
Douglas,26-May,441,424,13,244,494,46
Douglas,27-May,441,581,13,229,649,53
Douglas,28-May,532,572,27,299,653,86
Douglas,30-May,632,785,30,338,902,78
Douglas,31-May,622,744,40,286,898,68
Douglas,May-32,383,476,13,197,555,42
Douglas,May-33,192,177,7,127,181,34
Douglas,May-34,264,289,12,165,302,44
Douglas,May-35,802,822,28,420,993,66
Douglas,May-36,578,668,27,300,809,65
Douglas,2-Jun,623,594,11,252,738,50
Douglas,3-Jun,596,594,22,281,687,69
Douglas,4-Jun,689,559,16,317,686,62
Douglas,7-Jun,730,441,23,339,570,49
Douglas,8-Jun,803,602,16,305,773,68
Douglas,9-Jun,738,687,18,336,815,81
Douglas,10-Jun,752,724,22,362,834,88
Douglas,11-Jun,864,723,35,491,831,104
Douglas,12-Jun,575,560,35,362,598,107
Douglas,13-Jun,824,877,38,481,972,113
Douglas,14-Jun,813,759,36,455,852,103
Douglas,15-Jun,556,574,21,224,720,53
Douglas,16-Jun,664,785,24,286,950,66
Douglas,17-Jun,476,619,28,252,694,60
Douglas,18-Jun,171,192,7,114,191,31
Douglas,19-Jun,610,829,21,318,914,70
Douglas,20-Jun,618,747,21,334,811,94
Douglas,21-Jun,587,873,17,247,1040,75
Douglas,22-Jun,623,1075,25,280,1239,62
Douglas,23-Jun,322,547,16,183,572,56
Douglas,24-Jun,512,817,30,296,880,92
Douglas,25-Jun,655,500,3,268,647,53
Douglas,26-Jun,614,511,22,294,625,77
Douglas,27-Jun,635,507,27,315,622,69
Douglas,28-Jun,695,730,29,387,817,76
Douglas,29-Jun,468,617,14,219,699,57
Douglas,30-Jun,287,446,8,119,538,25
Douglas,Jun-31,520,845,20,231,989,58
Douglas,Jun-32,602,1045,31,300,1163,81
Douglas,Jun-33,583,1023,35,274,1142,91
Douglas,Jun-34,790,916,28,376,1086,90
Douglas,Jun-35,400,435,17,254,473,48
Douglas,Jun-36,420,540,10,206,634,47
Douglas,1-Jul,710,480,33,476,543,95
Douglas,2-Jul,789,631,25,487,713,79
Douglas,3-Jul,799,560,27,474,642,83
Douglas,4-Jul,712,660,37,442,734,92
Douglas,5-Jul,895,514,43,555,582,94
Douglas,9-Jul,773,540,39,535,590,78
Douglas,10-Jul,793,549,36,498,611,91
Douglas,11-Jul,753,580,35,484,634,99
Douglas,12-Jul,728,702,27,375,832,65
Douglas,13-Jul,660,783,38,334,919,84
Douglas,14-Jul,625,832,29,307,956,77
Douglas,15-Jul,700,429,31,477,482,79
Douglas,16-Jul,553,563,17,304,611,68
Douglas,17-Jul,562,671,30,279,796,57
Douglas,18-Jul,838,504,26,565,564,88
Douglas,19-Jul,886,532,38,525,628,102
Douglas,20-Jul,699,728,17,286,895,55
Douglas,21-Jul,646,871,19,270,1018,76
Douglas,24-Jul,679,524,33,402,603,92
Douglas,25-Jul,785,571,21,450,677,65
Douglas,26-Jul,687,650,20,348,801,56
Douglas,27-Jul,614,660,35,319,764,75
Douglas,28-Jul,366,392,16,191,454,47
Douglas,29-Jul,668,550,25,407,623,79
Douglas,30-Jul,611,600,24,379,665,62
Douglas,31-Jul,540,621,17,269,703,60
Douglas,Jul-32,654,684,32,333,804,61
Douglas,Jul-33,406,466,14,193,540,40
Douglas,Jul-34,555,626,25,242,775,48
Douglas,Jul-35,658,564,26,402,657,51
Douglas,1-Aug,342,310,11,209,341,48
Douglas,2-Aug,251,208,9,166,227,35
Douglas,3-Aug,247,240,9,152,263,23
Douglas,4-Aug,299,353,19,180,386,42
Douglas,5-Aug,269,251,3,146,293,18
Douglas,6-Aug,213,211,19,126,243,35
Douglas,7-Aug,317,437,18,187,454,43
Douglas,8-Aug,172,261,7,76,287,13
Douglas,9-Aug,267,471,7,142,486,34
Douglas,10-Aug,59,90,2,30,96,7
Douglas,11-Aug,686,425,16,485,452,66
Douglas,12-Aug,938,736,47,604,833,104
Douglas,13-Aug,434,1101,24,239,1165,78
Douglas,14-Aug,345,691,23,197,727,58
Douglas,15-Aug,681,814,13,334,969,53
Douglas,16-Aug,716,841,38,405,965,85
Douglas,17-Aug,756,716,31,433,832,87
Douglas,19-Aug,536,587,14,323,646,63
Douglas,20-Aug,744,807,30,450,915,71
Douglas,23-Aug,529,470,18,326,551,60
Douglas,24-Aug,459,652,20,232,740,59
Douglas,27-Aug,45,44,6,36,43,8
Douglas,Aug-39,185,504,8,109,502,40
Douglas,Aug-40,548,1229,32,306,1317,94
Douglas,Aug-41,390,859,21,217,875,72
Douglas,Aug-42,659,957,21,285,1140,66
Douglas,Aug-43,782,977,22,392,1087,92
Douglas,Aug-44,429,427,9,249,499,26
Douglas,Aug-45,586,941,18,263,1099,65
Douglas,Aug-46,666,746,35,409,812,87
Douglas,Aug-47,720,776,19,406,867,82
Douglas,Aug-48,397,990,19,184,1072,65
Douglas,Aug-49,864,1192,48,494,1313,97
Douglas,Aug-50,399,539,22,198,635,50
Douglas,Aug-51,784,859,22,417,993,73
Douglas,Aug-52,493,416,8,264,497,48
Douglas,Aug-53,411,450,11,220,530,45
Douglas,Aug-55,714,1330,27,330,1526,67
Douglas,Aug-56,564,720,33,337,773,94
Douglas,Aug-57,623,952,33,366,1062,76
Douglas,Aug-58,448,734,13,248,817,56
Douglas,Aug-59,827,853,32,461,975,101
Douglas,Aug-60,856,342,23,619,407,75
Douglas,Aug-61,607,985,32,306,1127,82
Douglas,New/Former Resident,3,7,0,,,
Douglas,Countywide,0,0,0,0,0,0
Dundy,Benkelman I & Ough,51,330,3,43,308,20
Dundy,Benkelman II,23,294,5,15,281,14
Dundy,Benkelman III,14,146,0,9,136,7
Dundy,Haigler,17,109,3,10,110,7
Dundy,New/Former Resident,0,4,0,,,
Dundy,Countywide,0,0,0,0,0,0
Fillmore,Exeter Township,89,256,15,58,258,27
Fillmore,Fairmont Township,57,225,8,40,237,10
Fillmore,West Blue/Grafton/Bennett,38,189,5,15,187,12
Fillmore,South Geneva & Geneva Township,127,362,11,80,375,23
Fillmore,North Geneva,120,318,9,70,336,18
Fillmore,Madison Township,82,246,16,53,259,13
Fillmore,Liberty/Glengary/Franklin,94,289,7,59,289,24
Fillmore,Chelsea/Stanton/Belle Prairie,28,170,2,24,171,6
Fillmore,Momence/Bryant/Hamilton,58,304,9,36,306,23
Fillmore,New/Former Resident,0,0,0,,,
Fillmore,Countywide,0,0,0,0,0,0
Franklin,Hildreth,74,363,4,54,351,24
Franklin,Campbell,52,281,0,34,263,11
Franklin,West Franklin,93,500,1,60,488,26
Franklin,East Franklin,57,293,6,42,296,10
Franklin,New/Former Resident,0,0,0,,,
Franklin,Countywide,0,0,0,0,0,0
Frontier,Eustis,62,313,4,45,297,21
Frontier,Stockville,35,236,2,26,226,13
Frontier,Curtis,56,392,8,33,387,22
Frontier,Maywood,31,189,4,20,179,14
Frontier,Garden Prairie,5,99,4,5,94,3
Frontier,New/Former Resident,0,0,0,,,
Frontier,Countywide,0,0,0,0,0,0
Furnas,Arapahoe,96,539,16,67,530,34
Furnas,Beaver City,64,335,0,46,318,26
Furnas,Cambridge,111,585,9,76,570,42
Furnas,Edison,15,92,2,12,90,4
Furnas,Hendley,10,91,3,5,87,8
Furnas,Holbrook,24,150,3,14,132,20
Furnas,Oxford,60,298,3,39,280,22
Furnas,Wilsonville,19,73,3,18,72,5
Furnas,New/Former Resident,0,0,0,,,
Furnas,Countywide,0,0,0,0,0,0
Gage,Adams Area,278,891,26,160,903,58
Gage,Odell Area,145,404,5,94,418,25
Gage,Filley/Virginia Area,153,471,12,96,461,44
Gage,NW Quad Area,379,895,27,259,902,66
Gage,Homestead Area,229,551,15,111,589,52
Gage,Wymore Area,313,718,15,221,726,56
Gage,Beatrice Ward 1,514,913,23,335,976,59
Gage,Beatrice Ward 2,489,950,44,354,979,88
Gage,Beatrice Ward 3,353,674,32,250,671,91
Gage,Beatrice Ward 4,530,976,39,360,1031,81
Gage,New/Former Resident,2,2,0,,,
Gage,Countywide,0,0,0,0,0,0
Garden,Lisco,12,91,3,11,87,2
Garden,Oshkosh 1,51,265,3,32,249,25
Garden,Lost Creek,54,387,7,52,344,27
Garden,Blue Creek,44,273,5,32,258,20
Garden,(Countywide) Nebraska PPD,0,0,0,0,0,0
Garden,New/Former Resident,0,0,0,,,
Garden,Countywide,0,0,0,0,0,0
Garfield,Ward I City of Burwell,50,269,3,35,257,12
Garfield,Ward II City of Burwell,41,248,3,32,221,19
Garfield,Rural Garfield County,42,413,3,24,390,19
Garfield,New/Former Resident,0,3,0,,,
Garfield,Countywide,0,0,0,0,0,0
Gosper,1,67,342,4,23,354,24
Gosper,2,111,299,3,58,313,19
Gosper,3,26,189,1,22,177,8
Gosper,4,11,63,2,8,56,8
Gosper,New/Former Resident,0,0,0,,,
Gosper,Countywide,0,0,0,0,0,0
Grant,Grant County,20,369,7,14,321,25
Grant,New/Former Resident,0,6,0,,,
Grant,Countywide,0,0,0,0,0,0
Greeley,Scotia,45,191,2,27,187,12
Greeley,Spalding,69,378,2,48,342,20
Greeley,Wolbach,24,177,0,22,156,5
Greeley,Greeley,91,267,9,69,253,19
Greeley,New/Former Resident,0,3,0,,,
Greeley,(Countywide) Loup Valleys Rural PPD,0,0,0,0,0,0
Greeley,Countywide,0,0,0,0,0,0
Hall,One,422,580,26,304,579,70
Hall,Two,212,239,5,140,233,30
Hall,Three,381,573,27,297,559,65
Hall,Four,305,543,22,208,544,70
Hall,Five,358,784,22,206,819,56
Hall,Six,342,735,22,188,774,56
Hall,Seven,374,620,30,241,656,60
Hall,Eight,464,669,31,320,692,81
Hall,Nine,462,820,28,323,846,92
Hall,Ten,419,687,30,333,673,68
Hall,Eleven,365,665,24,255,680,62
Hall,Twelve,359,406,17,255,403,58
Hall,Thirteen,455,1154,30,297,1147,85
Hall,Fourteen,434,1262,17,277,1282,90
Hall,Fifteen,479,1159,26,306,1170,88
Hall,Sixteen,359,851,27,235,868,73
Hall,Seventeen,279,552,17,168,560,47
Hall,Eighteen,316,689,20,256,650,59
Hall,Nineteen,178,444,13,100,456,44
Hall,Twenty,0,0,0,0,0,0
Hall,Twenty-one,122,611,13,86,564,53
Hall,Twenty-two,260,869,22,172,841,76
Hall,Twenty-three,93,368,9,66,358,21
Hall,Twenty-four,242,904,26,147,877,85
Hall,Twenty-five,0,0,0,0,0,0
Hall,Twenty-six,0,0,0,0,0,0
Hall,New/Former Resident,1,5,0,,,
Hall,Countywide,0,0,0,0,0,0
Hamilton,Precinct 1,26,187,5,20,182,9
Hamilton,Precinct 2,93,403,10,61,363,36
Hamilton,Precinct 3,73,419,16,53,373,49
Hamilton,Precinct 4,29,161,3,12,149,8
Hamilton,Precinct 5,91,462,7,48,420,45
Hamilton,Precinct 6,27,237,5,18,205,32
Hamilton,Precinct 7,64,351,3,42,343,15
Hamilton,Precinct 8,52,285,7,34,268,16
Hamilton,Ward 1,238,745,14,137,743,55
Hamilton,Ward 2,174,541,12,107,532,57
Hamilton,Ward 3,251,518,24,146,536,52
Hamilton,New/Former Resident,0,0,0,,,
Hamilton,Countywide,0,0,0,0,0,0
Harlan,Republican City,44,196,0,29,179,17
Harlan,Huntley-Ragan,33,193,3,26,170,14
Harlan,East Alma,22,206,2,22,193,10
Harlan,Central Alma,44,213,6,29,213,14
Harlan,West Alma,55,186,8,31,203,8
Harlan,Orleans,41,271,4,38,249,16
Harlan,Stamford,23,144,3,17,140,6
Harlan,Oxford,20,206,5,16,182,20
Harlan,New/Former Resident,0,0,0,,,
Harlan,Countywide,0,0,0,0,0,0
Hayes,Precinct 1,7,165,3,11,150,4
Hayes,Precinct 2,13,171,1,11,155,12
Hayes,Precinct 3,14,158,2,8,152,7
Hayes,New/Former Resident,0,0,0,,,
Hayes,Countywide,0,0,0,0,0,0
Hitchcock,Culbertson,57,500,11,47,463,38
Hitchcock,Palisade,21,148,10,16,139,19
Hitchcock,Stratton,36,276,5,35,251,25
Hitchcock,Trenton,61,340,4,46,326,27
Hitchcock,New/Former Resident,0,0,0,,,
Hitchcock,Countywide,0,0,0,0,0,0
Holt,"01 Antelope, Iowa & Verdigris",44,176,3,30,150,21
Holt,02 Atkinson & Surrounding Twps,65,549,7,62,496,36
Holt,03 Chambers & Surrounding Twps,41,454,9,42,371,26
Holt,04 Emmet & Northeast Twps,25,227,2,21,185,18
Holt,"05 Ewing, Golden & Deloit",23,348,3,31,283,31
Holt,06 Inman Twp,23,142,4,17,125,17
Holt,07 Stuart & Cleveland Twps,58,443,5,61,386,24
Holt,08 Grattan & Shields Twps,50,490,1,41,412,39
Holt,09 Atkinson Ward I,98,542,21,85,494,50
Holt,10 O'Neill Ward I,105,423,10,77,394,38
Holt,11 O'Neill Ward II,73,462,6,53,423,33
Holt,12 O'Neill Ward III,37,269,3,41,236,18
Holt,13 O'Neill Ward IV,44,244,8,42,210,22
Holt,New/Former Resident,0,0,0,,,
Holt,Countywide,0,0,0,0,0,0
Hooker,Precinct 1,59,375,7,48,349,17
Hooker,New/Former Resident,0,1,0,,,
Hooker,Countywide,0,0,0,0,0,0
Howard,St. Paul Ward I,132,569,15,85,548,37
Howard,St. Paul Ward II,203,715,20,141,700,48
Howard,Spring Creek,22,155,0,12,143,9
Howard,Elba,43,244,9,36,226,23
Howard,Posen,42,221,3,31,206,11
Howard,Dannebrog,110,345,11,70,332,40
Howard,Loup Fork,40,171,5,30,168,16
Howard,St. Libory,56,366,4,41,337,23
Howard,New/Former Resident,0,0,0,,,
Howard,Countywide,0,0,0,0,0,0
Jefferson,Plymouth-Gibson,105,311,8,68,324,16
Jefferson,Eureka-Washington,43,157,4,21,169,6
Jefferson,Lincoln-Meridian-Fairbury-Rich,84,241,5,52,246,15
Jefferson,Cub-Rock Creek,39,177,2,29,167,10
Jefferson,Jefferson-Pleasant-Newton,122,321,9,71,362,12
Jefferson,Buckley-Antelope-Endicott,104,342,6,77,352,20
Jefferson,Ward I,128,235,11,91,246,29
Jefferson,Ward II,88,186,7,60,195,19
Jefferson,Ward III,137,304,18,103,319,32
Jefferson,Ward IV,166,342,14,92,384,32
Jefferson,New/Former Resident,0,0,0,,,
Jefferson,Countywide,0,0,0,0,0,0
Johnson,Nemaha I,103,226,9,61,244,20
Johnson,Nemaha II,232,440,15,136,453,45
Johnson,Sterling,175,444,20,114,469,29
Johnson,Spring Creek,66,213,12,55,213,17
Johnson,Todd Creek,49,124,4,30,124,11
Johnson,Western,22,71,4,21,73,3
Johnson,New/Former Resident,0,0,0,,,
Johnson,Countywide,0,0,0,0,0,0
Kearney,Lowell,18,90,2,8,85,5
Kearney,Newark/Blaine,90,345,7,47,332,27
Kearney,Logan/Hayes/Sherman,28,253,5,15,238,22
Kearney,Liberty/Lincoln/May,40,211,6,30,201,16
Kearney,Eaton,17,87,0,10,81,6
Kearney,Mirage,89,396,8,51,383,32
Kearney,Oneida,42,222,8,27,220,20
Kearney,Cosmo/Grant,16,75,2,10,71,7
Kearney,North,106,307,20,65,322,29
Kearney,South,123,441,12,63,464,27
Kearney,Center,132,395,11,86,393,29
Kearney,New/Former Resident,0,0,0,,,
Kearney,Countywide,0,0,0,0,0,0
Keith,FIRST WARD,57,299,8,42,285,26
Keith,SECOND WARD,94,330,10,58,317,30
Keith,THIRD WARD,87,289,5,66,263,29
Keith,FOURTH WARD,74,370,9,55,352,22
Keith,FIFTH WARD,152,514,7,106,495,38
Keith,BRULE,64,376,3,54,349,24
Keith,LOGAN,20,140,0,16,135,7
Keith,LONERGAN,61,236,1,52,224,12
Keith,PAXTON,57,402,5,34,394,18
Keith,RURAL OGALLALA,72,456,6,49,421,33
Keith,WHITETAIL,25,132,3,21,120,15
Keith,New/Former Resident,0,0,0,,,
Keith,Countywide,0,0,0,0,0,0
Keya Paha,Garfield,18,178,3,16,148,20
Keya Paha,Custer,17,147,0,11,139,9
Keya Paha,Mills,14,151,1,14,140,5
Keya Paha,New/Former Resident,0,0,0,,,
Keya Paha,Countywide,0,0,0,0,0,0
Kimball,1st Ward,123,581,22,119,539,52
Kimball,2nd Ward,67,354,7,59,338,17
Kimball,Antelope,31,299,5,22,279,24
Kimball,Bushnell,25,132,3,24,119,7
Kimball,Dix,22,195,6,20,183,12
Kimball,New/Former Resident,0,2,0,,,
Kimball,Countywide,0,0,0,0,0,0
Knox,Bloomfield Area,157,566,9,122,537,41
Knox,Crofton Area,149,691,12,123,626,41
Knox,Creighton Area,144,796,16,101,713,79
Knox,Center Area,47,176,1,30,155,14
Knox,Lindy/Santee Area,160,176,7,127,183,13
Knox,Niobrara Area,67,296,5,64,254,24
Knox,Verdigre Area,97,513,10,78,437,42
Knox,Wausa Area,84,507,11,63,471,34
Knox,New/Former Resident,0,0,0,,,
Knox,Countywide,0,0,0,0,0,0
Lancaster,1:00 AM,378,235,19,229,250,46
Lancaster,1 A-1,659,482,26,421,525,83
Lancaster,1 B,500,167,23,320,206,41
Lancaster,1 D-1,395,285,19,292,302,38
Lancaster,1 D-2,654,482,40,456,531,81
Lancaster,1 D-4,436,424,14,264,479,37
Lancaster,1 D-5,370,294,19,256,334,46
Lancaster,1 D-6,530,390,29,357,452,57
Lancaster,1 D-7,293,329,7,181,364,23
Lancaster,1 D-8,442,449,16,280,479,50
Lancaster,1 D-9,432,481,11,260,552,21
Lancaster,1 D-10,670,684,45,432,747,76
Lancaster,1 E-2,532,412,32,421,425,67
Lancaster,1 E-3,441,362,21,331,394,47
Lancaster,1 E-4,340,434,14,196,486,36
Lancaster,1 E-5,414,307,37,288,357,53
Lancaster,1 E-6,397,448,8,235,498,40
Lancaster,1 E-7,445,382,20,337,395,58
Lancaster,1 E-8,342,410,19,212,450,45
Lancaster,1 E-9,588,544,33,310,633,72
Lancaster,1 F-1,505,374,31,378,391,71
Lancaster,1 F-2,439,372,25,319,396,61
Lancaster,1 F-3,723,759,50,497,810,79
Lancaster,2:00 AM,631,202,22,418,219,79
Lancaster,2 C-1,541,363,23,382,399,52
Lancaster,2 C-2,288,237,25,205,265,41
Lancaster,2 C-3,407,385,25,271,446,40
Lancaster,2 D-1,528,486,27,363,541,56
Lancaster,2 D-2,463,461,23,296,517,66
Lancaster,2 D-3,222,228,20,137,244,45
Lancaster,2 D-5,1,0,0,1,0,0
Lancaster,3:00 AM,593,279,31,409,315,67
Lancaster,3 D,138,59,7,87,74,11
Lancaster,4:00 AM,555,171,21,349,204,44
Lancaster,5 B-1,636,173,23,396,209,57
Lancaster,5 C-1,370,168,16,230,201,38
Lancaster,5 C-3,476,163,12,305,181,30
Lancaster,5 E-3,454,420,22,306,465,45
Lancaster,5 E-4,408,348,21,199,411,53
Lancaster,5 E-5,358,262,9,165,323,25
Lancaster,5 E-6,484,425,20,288,493,47
Lancaster,5 E-7,345,352,16,169,424,31
Lancaster,5 E-8,444,434,16,251,519,27
Lancaster,5 E-9,359,455,9,149,539,27
Lancaster,6 A-1,722,167,24,445,191,75
Lancaster,6 D-2,695,210,29,438,259,58
Lancaster,6 E-1,535,173,13,302,205,35
Lancaster,6 E-2,555,211,22,283,259,38
Lancaster,6 F-1,525,283,32,333,314,59
Lancaster,7:00 AM,539,261,30,401,277,58
Lancaster,7 D-2,597,208,26,390,254,39
Lancaster,8:00 AM,333,107,8,226,121,27
Lancaster,8 C-2,587,232,38,391,278,60
Lancaster,9 A-1,513,118,14,309,154,25
Lancaster,9 B-1,433,168,19,268,182,53
Lancaster,9 C-1,599,173,16,332,205,59
Lancaster,9 D-1,428,121,17,214,157,41
Lancaster,9 E-1,550,207,17,296,247,36
Lancaster,9 E-2,612,209,9,294,266,27
Lancaster,9 E-4,519,218,8,229,281,35
Lancaster,9 E-5,591,174,11,250,259,25
Lancaster,9 F-1,519,274,17,263,336,49
Lancaster,9 F-2,545,342,23,308,395,63
Lancaster,9 F-3,427,342,11,234,405,34
Lancaster,9 F-4,390,272,20,237,322,33
Lancaster,9 F-5,465,303,23,296,350,49
Lancaster,9 F-9,285,229,14,182,261,24
Lancaster,9 F-10,336,241,17,221,264,44
Lancaster,9 F-11,299,285,12,179,313,29
Lancaster,9 G-1,414,427,15,196,538,24
Lancaster,9 G-2,407,263,18,235,324,38
Lancaster,9 G-3,393,241,14,196,296,32
Lancaster,9 G-4,517,283,31,367,321,52
Lancaster,9 G-5,348,305,15,197,365,21
Lancaster,9 G-6,350,301,10,196,343,41
Lancaster,9 G-7,310,266,13,149,318,27
Lancaster,9 G-8,420,387,10,228,452,21
Lancaster,9 G-9,324,314,11,166,377,29
Lancaster,9 H-1,381,423,5,201,488,32
Lancaster,9 H-2,416,346,10,239,396,36
Lancaster,9 H-3,454,335,16,226,428,41
Lancaster,9 H-4,366,379,13,176,447,28
Lancaster,9 H-5,363,267,17,201,322,44
Lancaster,9 H-6,356,393,11,182,440,31
Lancaster,9 H-7,401,314,10,222,398,34
Lancaster,9 H-8,613,607,30,358,691,61
Lancaster,10:00 AM,605,308,30,370,360,72
Lancaster,10 B-1,444,159,17,252,176,38
Lancaster,10 B-2,644,386,25,367,451,57
Lancaster,10 B-4,453,312,24,228,362,48
Lancaster,10 B-5,489,262,24,331,300,42
Lancaster,10 C-4,336,217,11,162,255,32
Lancaster,10 C-5,355,250,15,206,276,29
Lancaster,10 C-6,283,159,12,180,186,22
Lancaster,10 C-7,359,227,16,202,237,42
Lancaster,10 C-8,196,197,12,95,242,16
Lancaster,10 C-12,344,323,9,161,394,33
Lancaster,10 D-1,369,187,13,203,227,30
Lancaster,10 D-2,415,238,9,230,271,33
Lancaster,10 D-3,225,149,15,147,156,30
Lancaster,10 D-4,498,274,30,313,329,50
Lancaster,10 D-8,486,381,19,289,435,47
Lancaster,10 E-1,431,341,19,244,400,38
Lancaster,10 E-4,529,341,21,288,389,53
Lancaster,10 E-5,520,312,21,316,356,34
Lancaster,10 E-7,449,359,28,289,414,53
Lancaster,10 E-8,444,326,20,276,370,45
Lancaster,10 E-10,317,239,16,194,275,30
Lancaster,10 E-11,263,214,19,143,256,29
Lancaster,10 E-12,469,360,35,315,419,42
Lancaster,10 E-14,328,317,14,178,367,18
Lancaster,10 E-15,419,442,13,200,528,42
Lancaster,10 E-16,593,570,23,278,701,56
Lancaster,10 E-17,346,398,20,183,479,31
Lancaster,10 F-1,366,194,9,218,230,28
Lancaster,10 F-2,238,188,6,162,193,33
Lancaster,10 F-3,325,215,6,138,264,36
Lancaster,10 F-4,407,274,16,238,313,35
Lancaster,10 F-5,437,314,10,220,364,38
Lancaster,10 F-6,294,269,14,155,309,24
Lancaster,10 F-7,443,354,15,232,413,47
Lancaster,10 F-10,337,325,16,162,409,23
Lancaster,10 F-11,544,340,19,305,424,40
Lancaster,10 F-12,391,296,18,224,348,40
Lancaster,10 F-14,496,454,15,228,545,39
Lancaster,10 F-15,377,297,13,160,362,42
Lancaster,10 F-16,356,517,10,157,599,29
Lancaster,10 G-1,424,314,11,207,389,46
Lancaster,10 G-2,329,352,19,171,420,28
Lancaster,10 G-3,436,317,13,236,403,34
Lancaster,10 G-4,484,422,26,255,504,45
Lancaster,10 G-5,257,294,15,119,346,28
Lancaster,10 G-6,476,447,20,251,534,38
Lancaster,10 G-7,298,296,13,146,354,24
Lancaster,10 H-1,476,459,11,208,558,37
Lancaster,10 H-2,555,916,15,239,1032,56
Lancaster,10 H-3,728,810,23,389,928,59
Lancaster,10 H-4,557,580,15,289,679,48
Lancaster,10 H-5,662,848,31,358,958,66
Lancaster,10 H-6,501,453,9,247,540,33
Lancaster,10 H-7,360,486,17,196,549,25
Lancaster,10 H-8,563,684,25,351,728,57
Lancaster,11 A-1,350,207,17,248,230,44
Lancaster,11 A-2,392,273,30,293,285,55
Lancaster,11 B-1,426,337,13,310,357,46
Lancaster,11 D-2,344,200,20,242,218,47
Lancaster,11 E-1,397,318,22,248,348,48
Lancaster,11 E-3,649,346,38,441,395,67
Lancaster,11 E-5,272,201,15,160,238,27
Lancaster,11 E-6,516,266,25,340,338,41
Lancaster,11 E-7,309,238,15,197,276,33
Lancaster,11 E-10,260,207,19,167,253,24
Lancaster,12 A-4,564,438,50,354,486,76
Lancaster,12 A-5,384,362,26,248,394,61
Lancaster,12 A-7,543,487,16,307,572,51
Lancaster,12 A-8,332,351,9,174,413,21
Lancaster,12 A-9,339,310,16,183,375,30
Lancaster,12 A-10,1076,1032,42,648,1181,116
Lancaster,12 B-1,444,366,20,289,407,56
Lancaster,12 B-2,340,263,22,223,302,39
Lancaster,12 B-4,366,382,19,225,434,43
Lancaster,12 B-6,361,317,17,214,362,34
Lancaster,12 B-7,344,361,16,210,408,27
Lancaster,12 B-8,759,830,32,418,949,75
Lancaster,12 C-2,550,458,25,375,513,61
Lancaster,12 C-6,377,367,32,270,386,49
Lancaster,12 C-7,693,532,45,408,620,97
Lancaster,12 D,400,293,27,272,336,53
Lancaster,12 F,363,364,23,262,396,46
Lancaster,12 G-1,508,291,30,363,307,64
Lancaster,12 G-2,373,283,12,225,335,29
Lancaster,Buda,145,427,8,106,418,38
Lancaster,Centerville,304,650,17,176,675,48
Lancaster,Denton,478,931,19,273,963,66
Lancaster,Elk,240,508,23,156,516,42
Lancaster,Garfield #1,9,12,0,5,11,2
Lancaster,Grant #1,335,554,10,168,602,46
Lancaster,Grant #2,110,177,7,66,187,16
Lancaster,Grant #3,283,477,7,146,513,29
Lancaster,Grant #4,0,0,0,0,0,0
Lancaster,Hickman,450,883,24,301,888,83
Lancaster,Middle Creek,253,457,12,151,481,35
Lancaster,Murdock South,34,91,4,17,92,9
Lancaster,Nemaha,361,634,33,239,647,68
Lancaster,North Bluff,3,7,3,1,8,3
Lancaster,Oak,263,470,14,164,509,36
Lancaster,Panama,136,357,9,79,370,18
Lancaster,Rock Creek,188,332,17,102,361,25
Lancaster,Saltillo #1,235,491,13,135,526,33
Lancaster,Saltillo #2,276,631,27,173,666,45
Lancaster,South Pass,204,482,19,119,524,36
Lancaster,Stevens Creek,161,298,7,82,307,22
Lancaster,Stockton,162,383,7,103,397,23
Lancaster,Waverly #2,231,442,14,128,476,29
Lancaster,Waverly North,343,701,28,227,711,58
Lancaster,Waverly South,390,691,27,247,712,74
Lancaster,West Salt,287,590,12,149,606,57
Lancaster,Yankee Hill East,153,140,5,91,148,18
Lancaster,Yankee Hill West,439,671,22,233,758,40
Lancaster,New/Former Resident,5,6,0,,,
Lancaster,Countywide,0,0,0,0,0,0
Lincoln,Precinct 1,206,571,14,155,547,62
Lincoln,Precinct 2,170,372,10,125,386,26
Lincoln,Precinct 3,159,349,15,119,348,38
Lincoln,Precinct 4,73,344,10,58,334,19
Lincoln,Precinct 5,79,267,5,49,258,31
Lincoln,Precinct 6,340,977,34,218,989,90
Lincoln,Precinct 7,246,693,17,157,690,50
Lincoln,Precinct 8,224,647,22,119,691,45
Lincoln,Precinct 9,207,596,14,152,593,50
Lincoln,Precinct 10,330,776,27,243,744,87
Lincoln,Precinct 12,192,409,21,136,384,69
Lincoln,Precinct 13,265,759,27,200,731,77
Lincoln,Precinct 15,108,333,20,89,314,36
Lincoln,Precinct 16,115,353,14,83,338,43
Lincoln,Brady,86,471,10,61,455,37
Lincoln,Hall,142,863,15,106,807,66
Lincoln,Hershey,125,825,14,95,777,55
Lincoln,Hinman,50,324,9,42,297,27
Lincoln,Maxwell,61,354,7,53,330,29
Lincoln,Medicine,12,165,0,8,158,6
Lincoln,Osgood,194,1057,18,145,1028,66
Lincoln,Sellers,119,529,4,68,514,37
Lincoln,Sutherland,160,742,15,121,708,53
Lincoln,Wallace,27,292,2,24,258,14
Lincoln,New/Former Resident,2,3,0,,,
Lincoln,Countywide,0,0,0,0,0,0
Logan,Logan County,38,407,5,36,369,22
Logan,New/Former Resident,0,0,0,,,
Logan,Countywide,0,0,0,0,0,0
Loup,Sawyer,75,370,9,28,370,21
Loup,New/Former Resident,0,0,0,,,
Loup,Countywide,0,0,0,0,0,0
Madison,Norfolk 1-1,231,845,26,173,804,55
Madison,Norfolk 1-2,193,531,25,150,511,59
Madison,Norfolk 1-3,208,496,16,152,477,53
Madison,Norfolk 2-1,294,1044,19,184,1041,64
Madison,Norfolk 2-2,237,859,20,119,871,52
Madison,Norfolk 2-3,264,851,21,138,859,65
Madison,Norfolk 3-1,213,460,30,148,461,59
Madison,Norfolk 3-2,157,420,22,104,411,59
Madison,Norfolk 3-3,221,660,16,155,641,55
Madison,Norfolk 4-1,178,368,25,145,355,44
Madison,Norfolk 4-2,220,630,22,158,622,47
Madison,Norfolk 4-3,179,435,18,148,412,42
Madison,Norfolk Pct,132,650,17,79,627,46
Madison,Valley Pct,104,581,7,64,536,36
Madison,MG-Jefferson-Grove-High,91,507,9,59,474,31
Madison,Tilden 2nd Ward,47,258,6,40,243,14
Madison,Battle Creek City-BC Pct,121,771,21,91,723,57
Madison,Warnerville Pct,34,218,5,27,197,16
Madison,Union-Madison,27,218,2,23,196,16
Madison,Fairview-Kalamazoo-GG,18,253,3,15,243,7
Madison,School-Emerick-Shell Crk-NG,88,458,9,62,418,34
Madison,Madison City,221,427,8,165,430,32
Madison,New/Former Resident,0,0,0,,,
Madison,Countywide,0,0,0,0,0,0
McPherson,Tryon 01,17,275,10,12,260,19
McPherson,New/Former Resident,0,0,0,,,
McPherson,Countywide,0,0,0,0,0,0
Merrick,Silver Creek,43,248,3,34,227,14
Merrick,Clarksville East,36,166,3,29,152,16
Merrick,Clarksville West,33,118,2,24,112,10
Merrick,Prairie Island,16,101,3,9,96,6
Merrick,Central,6,36,1,2,37,3
Merrick,Lone Tree North,30,175,4,21,167,11
Merrick,Midland,21,99,3,13,96,9
Merrick,Mead,10,83,1,4,89,2
Merrick,Chapman,40,224,11,37,201,25
Merrick,Prairie Creek,15,186,6,9,177,9
Merrick,Vieregg,107,323,8,77,288,39
Merrick,Loup,57,301,7,41,272,29
Merrick,Ward 1,162,596,18,110,584,47
Merrick,Ward 2,152,647,23,92,639,37
Merrick,Lone Tree South,15,114,2,9,105,10
Merrick,New/Former Resident,0,2,0,,,
Merrick,Countywide,0,0,0,0,0,0
Morrill,BROADWATER,21,141,6,24,118,17
Morrill,EAST BAYARD,81,464,12,77,416,54
Morrill,WEST BAYARD,81,344,10,64,318,36
Morrill,NORTH CAMP CLARKE,37,270,2,28,236,20
Morrill,EAST CAMP CLARKE,89,425,15,67,375,45
Morrill,WEST CAMP CLARKE,71,325,13,57,292,34
Morrill,GILCHRIST,0,41,0,2,32,3
Morrill,HAYNES,2,54,0,2,45,5
Morrill,REDINGTON,4,49,0,4,38,7
Morrill,New/Former Resident,0,0,0,,,
Morrill,Countywide,0,0,0,0,0,0
Nance,"Beav,Genoa,Ccreek,Pcreek",48,287,8,30,268,11
Nance,"Ctnwd,Lferry,Full,Wnew,Enew",51,207,3,38,182,11
Nance,"Cedar,Tcreek,Sbranch",46,158,8,28,151,11
Nance,Fullerton,136,445,6,96,431,27
Nance,Genoa I,44,162,4,28,162,14
Nance,Genoa II,33,176,3,22,159,16
Nance,New/Former Resident,1,2,0,,,
Nance,Countywide,0,0,0,0,0,0
Nemaha,Brownville,64,172,2,38,174,13
Nemaha,1st Douglas - Glenrock,129,357,9,68,372,32
Nemaha,2nd Douglas,180,317,16,114,334,24
Nemaha,3rd Douglas,133,362,8,79,373,39
Nemaha,4th Douglas,136,407,7,67,424,20
Nemaha,Lafayette,33,117,4,16,122,8
Nemaha,Nemaha,31,113,2,20,121,3
Nemaha,Peru,81,186,12,61,183,21
Nemaha,Washington - Benton,134,397,14,61,408,46
Nemaha,New/Former Resident,0,0,0,,,
Nemaha,Countywide,0,0,0,0,0,0
Nuckolls,Beaver 1,76,329,7,49,333,23
Nuckolls,Beaver 2,58,251,3,38,266,5
Nuckolls,Beaver 3,70,246,6,37,264,11
Nuckolls,Elk,28,130,4,21,127,8
Nuckolls,Hardy,23,114,0,17,109,6
Nuckolls,Nelson,89,423,8,51,406,35
Nuckolls,Spring Creek,17,88,0,11,81,4
Nuckolls,Victor,48,276,9,31,270,15
Nuckolls,New/Former Resident,0,0,0,,,
Nuckolls,Countywide,0,0,0,0,0,0
Otoe,Berlin,124,367,9,89,377,18
Otoe,Delaware,107,390,10,63,396,26
Otoe,McWilliams,84,366,4,45,372,21
Otoe,Syracuse,424,855,31,236,963,60
Otoe,Palmyra,372,700,27,227,720,79
Otoe,Russell,157,283,7,99,302,24
Otoe,South Branch,173,314,7,98,345,29
Otoe,NC11,165,341,13,111,351,36
Otoe,NC12,128,302,11,87,305,31
Otoe,NC13,188,509,13,95,534,40
Otoe,NC14,143,282,8,94,295,22
Otoe,NC15,188,436,19,126,445,39
Otoe,NC16,237,503,17,131,556,30
Otoe,New/Former Resident,0,1,0,,,
Otoe,Countywide,0,0,0,0,0,0
Pawnee,Pawnee 1,118,281,9,85,284,23
Pawnee,Pawnee 2,91,249,12,49,271,14
Pawnee,Burchard,25,176,3,16,169,7
Pawnee,Table Rock,30,177,5,23,173,9
Pawnee,Steinauer,58,188,7,44,175,12
Pawnee,New/Former Resident,0,0,0,,,
Pawnee,Countywide,0,0,0,0,0,0
Perkins,District 1,60,409,2,45,385,18
Perkins,District 2,72,449,15,54,419,35
Perkins,District 3,67,463,7,39,466,16
Perkins,New/Former Resident,0,0,0,,,
Perkins,Countywide,0,0,0,0,0,0
Phelps,Cottonwood-Anderson,17,123,5,14,103,13
Phelps,Williamsburg-Westside,18,140,3,6,132,13
Phelps,Garfield-Union,16,119,3,11,104,13
Phelps,Westmark-Center,16,182,3,15,156,13
Phelps,Divide-Lake,30,257,3,25,220,16
Phelps,Sheridan-Prairie,33,300,4,15,288,15
Phelps,Rockfalls-Industry,7,108,4,6,94,13
Phelps,Laird,21,281,5,12,253,30
Phelps,Bertrand,51,312,8,39,297,24
Phelps,Ward 1,115,517,20,78,502,37
Phelps,Ward 2,147,516,10,87,509,39
Phelps,Ward 3,140,591,9,89,560,46
Phelps,Ward 4,141,710,23,91,678,52
Phelps,New/Former Resident,0,1,0,,,
Phelps,Countywide,0,0,0,0,0,0
Pierce,Osmond,97,815,15,86,730,53
Pierce,Plainview,128,628,16,90,614,33
Pierce,Pierce,91,844,15,58,810,36
Pierce,South Branch,42,389,6,27,376,20
Pierce,Pierce City,122,786,12,92,731,62
Pierce,New/Former Resident,0,0,0,,,
Pierce,Countywide,0,0,0,0,0,0
Platte,1A,220,593,9,153,593,31
Platte,1B,115,354,11,91,350,26
Platte,1C,119,387,10,89,376,30
Platte,1D,143,410,12,113,416,20
Platte,2A,112,237,9,89,233,17
Platte,2B,170,552,9,101,538,48
Platte,2C,139,410,7,113,392,37
Platte,2D,137,386,8,99,382,19
Platte,3A,206,664,8,127,669,32
Platte,3B,151,381,9,96,403,25
Platte,3C,218,709,16,126,738,38
Platte,3D,198,697,14,121,712,47
Platte,4A,154,326,15,101,336,32
Platte,4B,146,417,13,88,427,34
Platte,4C,200,648,4,103,675,27
Platte,4D,120,323,14,92,311,24
Platte,Columbus Twp A,97,450,5,67,431,31
Platte,Columbus Twp B,149,714,11,75,727,35
Platte,Bismark,44,254,2,25,243,11
Platte,Sherman/Grand Prairie,44,336,5,23,314,18
Platte,Creston,13,203,0,8,199,7
Platte,Shell Creek,77,459,4,63,434,26
Platte,Humphrey,26,222,5,24,214,7
Platte,Butler/Loup,63,322,5,56,295,25
Platte,Oconee/Monroe,46,318,10,39,303,14
Platte,Lost Creek/Burrows,47,359,3,29,332,27
Platte,Granville,55,485,6,37,471,20
Platte,Joliet,4,77,0,4,65,1
Platte,St Bernard,25,288,0,17,277,10
Platte,Walker/Woodville,22,202,3,14,199,6
Platte,(Countywide) Elkhorn Rural PPD,0,0,0,0,0,0
Platte,New/Former Resident,0,3,0,,,
Platte,Countywide,0,0,0,0,0,0
Polk,South Canada,87,441,8,61,421,35
Polk,North Osceola,98,426,9,72,404,25
Polk,South Osceola,125,440,11,73,457,23
Polk,East Stromsburg,71,351,9,45,356,16
Polk,West Stromsburg,82,352,11,47,365,15
Polk,West Pleasant Home,66,280,10,57,273,17
Polk,New/Former Resident,1,1,0,,,
Polk,Countywide,0,0,0,0,0,0
Red Willow,Bartley,22,207,3,20,192,13
Red Willow,Beaver,16,166,2,8,167,6
Red Willow,Indianola,56,509,11,42,462,42
Red Willow,Northwest,48,458,10,22,438,34
Red Willow,Southwest,39,246,7,28,228,16
Red Willow,Ward 1 Precinct 1,70,270,11,53,254,23
Red Willow,Ward 1 Precinct 2,96,393,10,60,377,28
Red Willow,Ward 1 Precinct 3,56,343,6,39,336,23
Red Willow,Ward 2 Precinct 1,78,453,13,53,422,36
Red Willow,Ward 2 Precinct 2,86,375,11,61,349,36
Red Willow,Ward 3 Precinct 1,91,339,12,75,317,28
Red Willow,Ward 3 Precinct 3,74,322,8,55,317,20
Red Willow,Ward 4 Precinct 1,79,443,12,58,431,35
Red Willow,New/Former Resident,0,1,0,,,
Red Willow,Countywide,0,0,0,0,0,0
Richardson,Arago/Barada,51,154,4,29,158,9
Richardson,FCRural/Ohio,42,243,2,35,230,10
Richardson,FC Ward 1,186,421,5,123,447,27
Richardson,FC Ward 2,119,367,7,80,360,22
Richardson,FC Ward 3,128,345,2,89,337,17
Richardson,FC Ward 4,118,223,7,87,216,16
Richardson,Fran/Hrr/Spi,36,171,4,22,170,9
Richardson,Grant Nemaha,43,159,6,23,143,18
Richardson,Humboldt I,44,137,2,30,141,6
Richardson,Humboldt II,52,148,3,31,156,10
Richardson,Jefferson/Rulo,49,211,3,42,196,15
Richardson,Liberty,27,130,3,23,121,8
Richardson,East Muddy,38,102,1,24,91,9
Richardson,West Muddy/Porter,49,158,5,29,163,13
Richardson,Salem,14,103,3,13,94,7
Richardson,New/Former Resident,0,1,0,,,
Richardson,Countywide,0,0,0,0,0,0
Rock,Rock,84,744,13,43,699,48
Rock,New/Former Resident,0,0,0,,,
Rock,Countywide,0,0,0,0,0,0
Saline,Crete 1,347,354,30,223,390,50
Saline,Crete 2,273,258,15,219,261,44
Saline,Crete 3,327,318,18,239,349,36
Saline,C & B,156,307,6,103,298,41
Saline,Dorchester,156,408,15,114,390,43
Saline,Friend 1,87,294,10,62,284,30
Saline,Friend 2,85,275,3,54,282,18
Saline,Wilber 1,200,449,16,133,447,47
Saline,Wilber 2,88,352,13,73,334,22
Saline,Olive,55,129,4,48,137,5
Saline,South Fork,69,174,8,48,174,23
Saline,DeWitt,139,304,15,94,329,21
Saline,New/Former Resident,4,9,0,,,
Saline,Countywide,0,0,0,0,0,0
Sarpy,Precinct 1,632,540,20,447,586,64
Sarpy,Precinct 2,449,555,30,262,590,78
Sarpy,Precinct 3,873,830,62,529,931,131
Sarpy,Precinct 4,645,700,34,364,756,119
Sarpy,Precinct 5,582,592,29,345,690,70
Sarpy,Precinct 6,712,664,52,445,739,110
Sarpy,Precinct 7,552,672,43,340,712,104
Sarpy,Precinct 8,548,703,31,334,777,73
Sarpy,Precinct 9,518,568,48,350,617,96
Sarpy,Precinct 10,388,515,45,238,563,71
Sarpy,Precinct 11,904,1124,78,508,1270,141
Sarpy,Precinct 12,806,1127,66,525,1244,97
Sarpy,Precinct 13,791,889,49,413,994,109
Sarpy,Precinct 16,759,782,48,496,838,108
Sarpy,Precinct 17,709,831,38,483,879,99
Sarpy,Precinct 18,573,571,33,406,598,67
Sarpy,Precinct 19,458,698,30,666,1613,160
Sarpy,Precinct 20,945,876,44,588,972,120
Sarpy,Precinct 21,558,873,33,497,1514,114
Sarpy,Precinct 22,784,782,68,510,894,103
Sarpy,Precinct 23,1056,1463,56,527,1683,158
Sarpy,Precinct 24,527,779,36,299,859,78
Sarpy,Precinct 25,655,687,50,433,752,104
Sarpy,Precinct 26,649,738,55,401,825,97
Sarpy,Precinct 31,1384,1583,57,702,1871,155
Sarpy,Precinct 32,571,692,35,348,741,88
Sarpy,Precinct 33,825,751,32,482,857,108
Sarpy,Precinct 34,864,872,53,556,947,131
Sarpy,Precinct 35,741,850,45,412,973,109
Sarpy,Precinct 36,591,922,24,279,1034,75
Sarpy,Precinct 37,1190,1540,69,638,1723,161
Sarpy,Precinct 38,698,787,46,362,894,105
Sarpy,Precinct 39,843,1064,43,436,1196,112
Sarpy,Precinct 40,695,886,45,390,965,118
Sarpy,Precinct 41,930,1216,46,471,1377,130
Sarpy,Precinct 42,750,879,60,414,988,113
Sarpy,Precinct 46,387,997,21,207,1014,84
Sarpy,Precinct 47,253,577,33,170,566,74
Sarpy,Precinct 48,995,1502,44,504,1718,126
Sarpy,Precinct 49,926,1149,56,509,1322,114
Sarpy,Precinct 51,1463,2264,75,768,2517,191
Sarpy,Precinct 52,1234,1637,60,705,1828,149
Sarpy,Precinct 53,1028,1176,49,620,1321,127
Sarpy,Precinct 54,967,1076,40,513,1195,151
Sarpy,Precinct 55,1127,1403,74,609,1596,166
Sarpy,Precinct 56,680,877,48,381,960,91
Sarpy,Precinct 57,832,823,60,529,926,114
Sarpy,Precinct 58,410,948,27,196,1025,67
Sarpy,Precinct 59,451,859,33,243,924,72
Sarpy,Precinct 60,482,775,30,264,821,81
Sarpy,Precinct 61,1503,2702,79,717,3013,204
Sarpy,Precinct 62,1225,1364,64,669,1555,139
Sarpy,New/Former Resident 1,2,7,0,,,
Sarpy,New/Former Resident 2,1,13,0,,,
Sarpy,Precinct 19 (CG1),664,763,42,,,
Sarpy,Precinct 21 (CG1),421,466,20,,,
Sarpy,Countywide,0,0,0,0,0,0
Saunders,Valparaiso,220,552,11,122,576,43
Saunders,Weston,96,359,12,60,351,38
Saunders,Prague,101,399,12,92,381,25
Saunders,Malmo,92,259,6,54,259,20
Saunders,Ceresco,273,685,33,147,710,66
Saunders,Wahoo Rural,100,437,7,62,423,31
Saunders,Wahoo Ward I,290,639,19,175,640,66
Saunders,Wahoo Ward II,221,557,14,132,575,40
Saunders,Wahoo Ward III,207,458,17,129,476,26
Saunders,Center,94,329,7,63,331,12
Saunders,Cedar Bluffs,199,622,19,125,607,59
Saunders,Marietta,112,347,10,61,352,29
Saunders,District 4,280,919,21,189,900,61
Saunders,Ashland Ward 1,209,413,27,116,439,59
Saunders,Ashland Ward 2,265,522,31,153,553,67
Saunders,Ashland Rural,226,623,24,132,638,44
Saunders,Yutan,344,987,26,185,999,82
Saunders,New/Former Resident,2,1,0,,,
Saunders,Countywide,0,0,0,0,0,0
Scotts Bluff,Castle Rock A,32,175,1,30,161,14
Scotts Bluff,Castle Rock B,18,105,3,14,103,9
Scotts Bluff,Dewey-Tabor,78,446,7,62,414,37
Scotts Bluff,East Winter Creek,81,287,5,54,294,20
Scotts Bluff,Fanning,77,555,12,55,539,29
Scotts Bluff,Ford A & B,50,248,3,40,237,15
Scotts Bluff,Funston,59,283,2,41,270,16
Scotts Bluff,Gering (Rural),61,372,13,50,348,32
Scotts Bluff,Gering I,362,914,17,233,923,73
Scotts Bluff,Gering II,294,647,24,230,631,62
Scotts Bluff,Gering III,188,405,21,144,404,43
Scotts Bluff,Gering IV,262,718,19,196,697,66
Scotts Bluff,Highland,38,192,1,31,172,16
Scotts Bluff,Kiowa-Lyman,49,294,5,32,278,20
Scotts Bluff,Minatare I & II,72,168,6,58,172,17
Scotts Bluff,Mitchell (Rural),43,216,4,30,212,10
Scotts Bluff,Mitchell I,83,213,9,69,207,21
Scotts Bluff,Mitchell II,83,235,6,64,235,19
Scotts Bluff,Morrill,93,311,11,66,312,28
Scotts Bluff,Roubadeau,9,58,1,6,57,6
Scotts Bluff,Scottsbluff 1,274,687,20,164,707,56
Scotts Bluff,Scottsbluff 2,351,579,22,234,606,53
Scotts Bluff,Scottsbluff 3,238,201,13,177,215,35
Scotts Bluff,Scottsbluff 4,137,105,7,114,100,19
Scotts Bluff,Scottsbluff 5,201,428,14,141,432,32
Scotts Bluff,Scottsbluff 6,204,369,15,156,362,41
Scotts Bluff,Scottsbluff 7,230,439,28,171,434,50
Scotts Bluff,Scottsbluff 8,240,509,8,165,521,45
Scotts Bluff,Terrytown I & II,104,268,16,89,258,28
Scotts Bluff,West Winter Creek,184,525,8,126,519,41
Scotts Bluff,New/Former Resident,1,0,0,,,
Scotts Bluff,Countywide,0,0,0,0,0,0
Seward,B,52,189,7,44,179,12
Seward,C,86,242,8,62,237,15
Seward,E,105,452,15,73,448,26
Seward,G,88,210,5,29,236,10
Seward,H,209,534,9,126,543,35
Seward,I,154,545,21,101,542,41
Seward,J,39,172,3,36,168,7
Seward,K,92,304,12,59,294,18
Seward,M-BX,68,291,13,37,300,15
Seward,M-CO,55,238,5,39,229,15
Seward,O-1,139,399,15,73,425,35
Seward,O-2,150,521,13,93,534,29
Seward,S-1,335,745,23,180,838,38
Seward,S-2,418,745,24,233,804,63
Seward,S-3,269,564,30,190,549,72
Seward,S-4,179,339,11,89,392,24
Seward,New/Former Resident,0,0,0,,,
Seward,Countywide,0,0,0,0,0,0
Sheridan,East Gordon,56,331,9,49,303,27
Sheridan,West Gordon,65,351,9,56,317,36
Sheridan,North Rushville,46,352,1,46,303,38
Sheridan,South Rushville,49,241,2,46,209,22
Sheridan,HaySprings,74,414,10,57,387,30
Sheridan,Mirage Flats,17,157,2,13,145,14
Sheridan,South Sheridan,21,281,6,14,240,31
Sheridan,Wounded Knee,12,163,1,9,138,11
Sheridan,(Countywide) Nebraska PPD,0,0,0,0,0,0
Sheridan,New/Former Resident,0,2,0,,,
Sheridan,Countywide,0,0,0,0,0,0
Sherman,Ashton,48,204,2,42,176,20
Sherman,Rockville,40,215,3,26,196,21
Sherman,North LC,113,226,11,76,220,30
Sherman,Central LC,45,145,4,31,141,14
Sherman,South LC,53,225,6,43,210,18
Sherman,Harrison,44,307,7,29,290,25
Sherman,New/Former Resident,0,0,0,,,
Sherman,Countywide,0,0,0,0,0,0
Sioux,Bowen,48,375,12,34,348,31
Sioux,Sheep Creek,24,267,3,18,249,16
Sioux,New/Former Resident,0,0,0,,,
Sioux,Countywide,0,0,0,0,0,0
Stanton,Butterfly,13,71,1,12,64,4
Stanton,Dewey,15,98,3,10,88,9
Stanton,Dimick,9,66,0,7,61,5
Stanton,Elkhorn,21,134,1,12,121,7
Stanton,Haymow,12,57,0,11,44,10
Stanton,Kingsburg,12,49,1,6,42,8
Stanton,Maple Creek,17,74,0,11,67,7
Stanton,Pilger,40,210,4,23,192,15
Stanton,Ramshorn,7,93,2,10,82,9
Stanton,Spring Branch,179,702,20,128,649,68
Stanton,Spr Br2,47,202,13,35,175,27
Stanton,Stanton A,60,329,15,37,287,40
Stanton,Stanton B,83,384,5,63,342,27
Stanton,Stanton C,8,42,1,4,42,3
Stanton,Union Creek,9,50,2,5,48,3
Stanton,New/Former Resident,0,0,0,,,
Stanton,Countywide,0,0,0,0,0,0
Thayer,Alex/Gilead,46,163,2,24,167,12
Thayer,Bruning/Belvidere,58,268,10,40,269,19
Thayer,Chester/Byron/Hubbell,69,366,3,43,368,13
Thayer,Davenport/Carleton,71,328,6,51,314,20
Thayer,Deshler,127,379,6,69,401,18
Thayer,Hebron North,137,404,10,77,427,23
Thayer,Hebron South,115,399,11,68,410,18
Thayer,New/Former Resident,1,1,0,,,
Thayer,Countywide,0,0,0,0,0,0
Thomas,Thomas,45,377,5,40,329,21
Thomas,New/Former Resident,0,0,0,,,
Thomas,Countywide,0,0,0,0,0,0
Thurston,Anderson/Blackbird,239,32,1,191,40,9
Thurston,Bryan,6,44,0,3,41,0
Thurston,Dawes,39,102,1,33,95,8
Thurston,Flournoy/Merry,25,142,2,20,136,4
Thurston,Omaha,186,140,6,150,149,14
Thurston,Pender,142,507,6,82,531,10
Thurston,Perry,33,89,2,23,91,6
Thurston,Thayer,8,59,1,9,58,0
Thurston,Winnebago,444,63,4,374,77,23
Thurston,New/Former Resident,0,2,0,,,
Thurston,Countywide,0,0,0,0,0,0
Valley,Precinct 1,46,300,4,39,278,15
Valley,Precinct 2,71,238,4,39,246,11
Valley,Precinct 3,74,280,5,44,280,22
Valley,Precinct 4,73,302,4,49,290,20
Valley,Precinct 5,53,263,3,41,242,18
Valley,Precinct 6,47,236,4,42,217,15
Valley,Precinct 7,48,282,3,26,268,21
Valley,New/Former Resident,0,0,0,,,
Valley,Countywide,0,0,0,0,0,0
Washington,Ft Calhoun East,300,552,23,176,565,57
Washington,Ft Calhoun West,351,772,10,173,802,59
Washington,Kennard,184,651,13,111,643,59
Washington,Lakeland,457,1048,31,257,1090,84
Washington,Skyline,280,509,22,141,545,59
Washington,Central,270,540,30,165,558,64
Washington,Dana,288,565,27,162,603,55
Washington,Washington,119,375,9,70,380,21
Washington,Herman,96,332,11,55,336,19
Washington,Cuming City,124,374,5,76,353,35
Washington,Desoto,186,446,13,94,450,47
Washington,Fontanelle,119,531,15,62,532,38
Washington,Arlington,259,771,26,133,802,50
Washington,Arbor,226,494,16,121,516,54
Washington,Northview,295,618,25,185,633,60
Washington,New/Former Resident,0,5,0,,,
Washington,Countywide,0,0,0,0,0,0
Wayne,Hoskins/Garfield,37,408,5,29,357,41
Wayne,Chapin/Hancock/Winside,56,390,6,38,352,26
Wayne,Deer Creek/Sherman,30,234,12,25,229,15
Wayne,Brenna/Plum Creek/Hunter,71,307,10,41,287,33
Wayne,Strahan/Wilbur,35,260,9,16,247,15
Wayne,Logan/Leslie,64,211,6,46,205,22
Wayne,First Ward,171,298,22,108,311,36
Wayne,Second Ward,132,273,10,75,308,12
Wayne,Third Ward,196,263,12,116,282,28
Wayne,Fourth Ward,230,411,31,144,422,48
Wayne,New/Former Resident,0,0,0,,,
Wayne,(Countywide) Cuming PPD,0,0,0,0,0,0
Wayne,(Countywide) Stanton County PPD,0,0,0,0,0,0
Wayne,Countywide,0,0,0,0,0,0
Webster,Bladen,39,198,4,24,200,11
Webster,Blue Hill,115,447,13,78,419,31
Webster,Guide Rock,28,231,2,22,211,9
Webster,Red Cloud 1st,65,255,3,44,250,19
Webster,Red Cloud 2nd,87,374,8,62,363,19
Webster,New/Former Resident,1,6,0,,,
Webster,Countywide,0,0,0,0,0,0
Wheeler,Bartlett,38,305,3,37,259,26
Wheeler,Ericson,21,133,2,12,128,10
Wheeler,New/Former Resident,0,0,0,,,
Wheeler,Countywide,0,0,0,0,0,0
York,Stewart-Thayer,76,285,5,53,274,21
York,New York-Waco-Beaver-West Blue,105,487,11,68,487,25
York,Hays-McFadden,83,381,6,60,347,30
York,LeRoy-Baker,49,260,11,41,256,16
York,MABL,128,540,9,90,525,25
York,Brown-Henderson,165,753,5,98,742,45
York,Ward 1,143,445,21,71,481,28
York,Ward 2A,162,413,18,115,425,35
York,Ward 2B,155,407,25,100,421,38
York,Ward 3,154,317,13,81,355,29
York,Ward 4A,215,566,27,123,606,45
York,Ward 4B,195,479,25,117,487,42
York,New/Former Resident,0,4,0,,,
York,Countywide,0,0,0,0,0,0